Cut sets,BE1,BE10,BE2,BE3,BE4,BE5,BE6,BE7,BE8,BE9,T,N
0,0,0,0,0,0,0,0,0,0,0,0,91
1,0,0,0,0,0,0,0,0,0,1,0,105
2,0,0,0,0,0,0,0,0,1,0,1,108
3,0,0,0,0,0,0,0,0,1,1,1,119
4,0,0,0,0,0,0,0,1,0,0,0,114
5,0,0,0,0,0,0,0,1,0,1,1,77
6,0,0,0,0,0,0,0,1,1,0,1,89
7,0,0,0,0,0,0,0,1,1,1,1,88
8,0,0,0,0,0,0,1,0,0,0,0,89
9,0,0,0,0,0,0,1,0,0,1,1,111
10,0,0,0,0,0,0,1,0,1,0,1,95
11,0,0,0,0,0,0,1,0,1,1,1,91
12,0,0,0,0,0,0,1,1,0,0,1,101
13,0,0,0,0,0,0,1,1,0,1,1,95
14,0,0,0,0,0,0,1,1,1,0,1,88
15,0,0,0,0,0,0,1,1,1,1,1,101
16,0,0,0,0,0,1,0,0,0,0,0,90
17,0,0,0,0,0,1,0,0,0,1,1,100
18,0,0,0,0,0,1,0,0,1,0,1,90
19,0,0,0,0,0,1,0,0,1,1,1,91
20,0,0,0,0,0,1,0,1,0,0,0,106
21,0,0,0,0,0,1,0,1,0,1,1,94
22,0,0,0,0,0,1,0,1,1,0,1,86
23,0,0,0,0,0,1,0,1,1,1,1,94
24,0,0,0,0,0,1,1,0,0,0,1,97
25,0,0,0,0,0,1,1,0,0,1,1,103
26,0,0,0,0,0,1,1,0,1,0,1,105
27,0,0,0,0,0,1,1,0,1,1,1,126
28,0,0,0,0,0,1,1,1,0,0,1,89
29,0,0,0,0,0,1,1,1,0,1,1,92
30,0,0,0,0,0,1,1,1,1,0,1,100
31,0,0,0,0,0,1,1,1,1,1,1,81
32,0,0,0,0,1,0,0,0,0,0,1,82
33,0,0,0,0,1,0,0,0,0,1,1,94
34,0,0,0,0,1,0,0,0,1,0,1,109
35,0,0,0,0,1,0,0,0,1,1,1,100
36,0,0,0,0,1,0,0,1,0,0,1,92
37,0,0,0,0,1,0,0,1,0,1,1,96
38,0,0,0,0,1,0,0,1,1,0,1,100
39,0,0,0,0,1,0,0,1,1,1,1,99
40,0,0,0,0,1,0,1,0,0,0,1,94
41,0,0,0,0,1,0,1,0,0,1,1,123
42,0,0,0,0,1,0,1,0,1,0,1,93
43,0,0,0,0,1,0,1,0,1,1,1,107
44,0,0,0,0,1,0,1,1,0,0,1,79
45,0,0,0,0,1,0,1,1,0,1,1,103
46,0,0,0,0,1,0,1,1,1,0,1,104
47,0,0,0,0,1,0,1,1,1,1,1,101
48,0,0,0,0,1,1,0,0,0,0,1,89
49,0,0,0,0,1,1,0,0,0,1,1,98
50,0,0,0,0,1,1,0,0,1,0,1,98
51,0,0,0,0,1,1,0,0,1,1,1,101
52,0,0,0,0,1,1,0,1,0,0,1,88
53,0,0,0,0,1,1,0,1,0,1,1,95
54,0,0,0,0,1,1,0,1,1,0,1,86
55,0,0,0,0,1,1,0,1,1,1,1,92
56,0,0,0,0,1,1,1,0,0,0,1,101
57,0,0,0,0,1,1,1,0,0,1,1,87
58,0,0,0,0,1,1,1,0,1,0,1,98
59,0,0,0,0,1,1,1,0,1,1,1,92
60,0,0,0,0,1,1,1,1,0,0,1,99
61,0,0,0,0,1,1,1,1,0,1,1,94
62,0,0,0,0,1,1,1,1,1,0,1,89
63,0,0,0,0,1,1,1,1,1,1,1,109
64,0,0,0,1,0,0,0,0,0,0,0,78
65,0,0,0,1,0,0,0,0,0,1,0,97
66,0,0,0,1,0,0,0,0,1,0,1,93
67,0,0,0,1,0,0,0,0,1,1,1,92
68,0,0,0,1,0,0,0,1,0,0,0,82
69,0,0,0,1,0,0,0,1,0,1,1,103
70,0,0,0,1,0,0,0,1,1,0,1,88
71,0,0,0,1,0,0,0,1,1,1,1,100
72,0,0,0,1,0,0,1,0,0,0,0,89
73,0,0,0,1,0,0,1,0,0,1,1,86
74,0,0,0,1,0,0,1,0,1,0,1,94
75,0,0,0,1,0,0,1,0,1,1,1,96
76,0,0,0,1,0,0,1,1,0,0,1,99
77,0,0,0,1,0,0,1,1,0,1,1,107
78,0,0,0,1,0,0,1,1,1,0,1,93
79,0,0,0,1,0,0,1,1,1,1,1,68
80,0,0,0,1,0,1,0,0,0,0,0,101
81,0,0,0,1,0,1,0,0,0,1,1,100
82,0,0,0,1,0,1,0,0,1,0,1,92
83,0,0,0,1,0,1,0,0,1,1,1,106
84,0,0,0,1,0,1,0,1,0,0,0,100
85,0,0,0,1,0,1,0,1,0,1,1,88
86,0,0,0,1,0,1,0,1,1,0,1,70
87,0,0,0,1,0,1,0,1,1,1,1,108
88,0,0,0,1,0,1,1,0,0,0,1,96
89,0,0,0,1,0,1,1,0,0,1,1,106
90,0,0,0,1,0,1,1,0,1,0,1,98
91,0,0,0,1,0,1,1,0,1,1,1,82
92,0,0,0,1,0,1,1,1,0,0,1,103
93,0,0,0,1,0,1,1,1,0,1,1,123
94,0,0,0,1,0,1,1,1,1,0,1,91
95,0,0,0,1,0,1,1,1,1,1,1,103
96,0,0,0,1,1,0,0,0,0,0,1,111
97,0,0,0,1,1,0,0,0,0,1,1,87
98,0,0,0,1,1,0,0,0,1,0,1,110
99,0,0,0,1,1,0,0,0,1,1,1,105
100,0,0,0,1,1,0,0,1,0,0,1,94
101,0,0,0,1,1,0,0,1,0,1,1,78
102,0,0,0,1,1,0,0,1,1,0,1,103
103,0,0,0,1,1,0,0,1,1,1,1,94
104,0,0,0,1,1,0,1,0,0,0,1,99
105,0,0,0,1,1,0,1,0,0,1,1,83
106,0,0,0,1,1,0,1,0,1,0,1,109
107,0,0,0,1,1,0,1,0,1,1,1,98
108,0,0,0,1,1,0,1,1,0,0,1,103
109,0,0,0,1,1,0,1,1,0,1,1,98
110,0,0,0,1,1,0,1,1,1,0,1,96
111,0,0,0,1,1,0,1,1,1,1,1,91
112,0,0,0,1,1,1,0,0,0,0,1,92
113,0,0,0,1,1,1,0,0,0,1,1,78
114,0,0,0,1,1,1,0,0,1,0,1,106
115,0,0,0,1,1,1,0,0,1,1,1,89
116,0,0,0,1,1,1,0,1,0,0,1,113
117,0,0,0,1,1,1,0,1,0,1,1,108
118,0,0,0,1,1,1,0,1,1,0,1,93
119,0,0,0,1,1,1,0,1,1,1,1,85
120,0,0,0,1,1,1,1,0,0,0,1,102
121,0,0,0,1,1,1,1,0,0,1,1,95
122,0,0,0,1,1,1,1,0,1,0,1,102
123,0,0,0,1,1,1,1,0,1,1,1,93
124,0,0,0,1,1,1,1,1,0,0,1,85
125,0,0,0,1,1,1,1,1,0,1,1,85
126,0,0,0,1,1,1,1,1,1,0,1,106
127,0,0,0,1,1,1,1,1,1,1,1,101
128,0,0,1,0,0,0,0,0,0,0,0,118
129,0,0,1,0,0,0,0,0,0,1,0,112
130,0,0,1,0,0,0,0,0,1,0,1,88
131,0,0,1,0,0,0,0,0,1,1,1,92
132,0,0,1,0,0,0,0,1,0,0,0,107
133,0,0,1,0,0,0,0,1,0,1,1,92
134,0,0,1,0,0,0,0,1,1,0,1,118
135,0,0,1,0,0,0,0,1,1,1,1,86
136,0,0,1,0,0,0,1,0,0,0,0,96
137,0,0,1,0,0,0,1,0,0,1,1,117
138,0,0,1,0,0,0,1,0,1,0,1,93
139,0,0,1,0,0,0,1,0,1,1,1,109
140,0,0,1,0,0,0,1,1,0,0,1,106
141,0,0,1,0,0,0,1,1,0,1,1,89
142,0,0,1,0,0,0,1,1,1,0,1,110
143,0,0,1,0,0,0,1,1,1,1,1,98
144,0,0,1,0,0,1,0,0,0,0,0,86
145,0,0,1,0,0,1,0,0,0,1,1,115
146,0,0,1,0,0,1,0,0,1,0,1,88
147,0,0,1,0,0,1,0,0,1,1,1,107
148,0,0,1,0,0,1,0,1,0,0,0,89
149,0,0,1,0,0,1,0,1,0,1,1,106
150,0,0,1,0,0,1,0,1,1,0,1,88
151,0,0,1,0,0,1,0,1,1,1,1,88
152,0,0,1,0,0,1,1,0,0,0,1,93
153,0,0,1,0,0,1,1,0,0,1,1,94
154,0,0,1,0,0,1,1,0,1,0,1,98
155,0,0,1,0,0,1,1,0,1,1,1,114
156,0,0,1,0,0,1,1,1,0,0,1,114
157,0,0,1,0,0,1,1,1,0,1,1,97
158,0,0,1,0,0,1,1,1,1,0,1,95
159,0,0,1,0,0,1,1,1,1,1,1,101
160,0,0,1,0,1,0,0,0,0,0,1,80
161,0,0,1,0,1,0,0,0,0,1,1,114
162,0,0,1,0,1,0,0,0,1,0,1,80
163,0,0,1,0,1,0,0,0,1,1,1,101
164,0,0,1,0,1,0,0,1,0,0,1,115
165,0,0,1,0,1,0,0,1,0,1,1,89
166,0,0,1,0,1,0,0,1,1,0,1,92
167,0,0,1,0,1,0,0,1,1,1,1,101
168,0,0,1,0,1,0,1,0,0,0,1,105
169,0,0,1,0,1,0,1,0,0,1,1,96
170,0,0,1,0,1,0,1,0,1,0,1,94
171,0,0,1,0,1,0,1,0,1,1,1,100
172,0,0,1,0,1,0,1,1,0,0,1,100
173,0,0,1,0,1,0,1,1,0,1,1,113
174,0,0,1,0,1,0,1,1,1,0,1,90
175,0,0,1,0,1,0,1,1,1,1,1,95
176,0,0,1,0,1,1,0,0,0,0,1,116
177,0,0,1,0,1,1,0,0,0,1,1,113
178,0,0,1,0,1,1,0,0,1,0,1,108
179,0,0,1,0,1,1,0,0,1,1,1,86
180,0,0,1,0,1,1,0,1,0,0,1,97
181,0,0,1,0,1,1,0,1,0,1,1,106
182,0,0,1,0,1,1,0,1,1,0,1,91
183,0,0,1,0,1,1,0,1,1,1,1,121
184,0,0,1,0,1,1,1,0,0,0,1,119
185,0,0,1,0,1,1,1,0,0,1,1,103
186,0,0,1,0,1,1,1,0,1,0,1,109
187,0,0,1,0,1,1,1,0,1,1,1,100
188,0,0,1,0,1,1,1,1,0,0,1,97
189,0,0,1,0,1,1,1,1,0,1,1,87
190,0,0,1,0,1,1,1,1,1,0,1,96
191,0,0,1,0,1,1,1,1,1,1,1,89
192,0,0,1,1,0,0,0,0,0,0,0,89
193,0,0,1,1,0,0,0,0,0,1,1,103
194,0,0,1,1,0,0,0,0,1,0,1,106
195,0,0,1,1,0,0,0,0,1,1,1,74
196,0,0,1,1,0,0,0,1,0,0,1,121
197,0,0,1,1,0,0,0,1,0,1,1,94
198,0,0,1,1,0,0,0,1,1,0,1,81
199,0,0,1,1,0,0,0,1,1,1,1,99
200,0,0,1,1,0,0,1,0,0,0,0,90
201,0,0,1,1,0,0,1,0,0,1,1,95
202,0,0,1,1,0,0,1,0,1,0,1,101
203,0,0,1,1,0,0,1,0,1,1,1,95
204,0,0,1,1,0,0,1,1,0,0,1,103
205,0,0,1,1,0,0,1,1,0,1,1,88
206,0,0,1,1,0,0,1,1,1,0,1,97
207,0,0,1,1,0,0,1,1,1,1,1,110
208,0,0,1,1,0,1,0,0,0,0,1,96
209,0,0,1,1,0,1,0,0,0,1,1,108
210,0,0,1,1,0,1,0,0,1,0,1,99
211,0,0,1,1,0,1,0,0,1,1,1,89
212,0,0,1,1,0,1,0,1,0,0,1,93
213,0,0,1,1,0,1,0,1,0,1,1,89
214,0,0,1,1,0,1,0,1,1,0,1,111
215,0,0,1,1,0,1,0,1,1,1,1,87
216,0,0,1,1,0,1,1,0,0,0,1,94
217,0,0,1,1,0,1,1,0,0,1,1,108
218,0,0,1,1,0,1,1,0,1,0,1,106
219,0,0,1,1,0,1,1,0,1,1,1,85
220,0,0,1,1,0,1,1,1,0,0,1,90
221,0,0,1,1,0,1,1,1,0,1,1,104
222,0,0,1,1,0,1,1,1,1,0,1,104
223,0,0,1,1,0,1,1,1,1,1,1,88
224,0,0,1,1,1,0,0,0,0,0,1,90
225,0,0,1,1,1,0,0,0,0,1,1,98
226,0,0,1,1,1,0,0,0,1,0,1,88
227,0,0,1,1,1,0,0,0,1,1,1,97
228,0,0,1,1,1,0,0,1,0,0,1,114
229,0,0,1,1,1,0,0,1,0,1,1,99
230,0,0,1,1,1,0,0,1,1,0,1,105
231,0,0,1,1,1,0,0,1,1,1,1,97
232,0,0,1,1,1,0,1,0,0,0,1,119
233,0,0,1,1,1,0,1,0,0,1,1,93
234,0,0,1,1,1,0,1,0,1,0,1,120
235,0,0,1,1,1,0,1,0,1,1,1,97
236,0,0,1,1,1,0,1,1,0,0,1,95
237,0,0,1,1,1,0,1,1,0,1,1,81
238,0,0,1,1,1,0,1,1,1,0,1,97
239,0,0,1,1,1,0,1,1,1,1,1,90
240,0,0,1,1,1,1,0,0,0,0,1,112
241,0,0,1,1,1,1,0,0,0,1,1,96
242,0,0,1,1,1,1,0,0,1,0,1,114
243,0,0,1,1,1,1,0,0,1,1,1,89
244,0,0,1,1,1,1,0,1,0,0,1,95
245,0,0,1,1,1,1,0,1,0,1,1,101
246,0,0,1,1,1,1,0,1,1,0,1,116
247,0,0,1,1,1,1,0,1,1,1,1,99
248,0,0,1,1,1,1,1,0,0,0,1,97
249,0,0,1,1,1,1,1,0,0,1,1,96
250,0,0,1,1,1,1,1,0,1,0,1,104
251,0,0,1,1,1,1,1,0,1,1,1,92
252,0,0,1,1,1,1,1,1,0,0,1,106
253,0,0,1,1,1,1,1,1,0,1,1,97
254,0,0,1,1,1,1,1,1,1,0,1,96
255,0,0,1,1,1,1,1,1,1,1,1,103
256,0,1,0,0,0,0,0,0,0,0,0,94
257,0,1,0,0,0,0,0,0,0,1,1,82
258,0,1,0,0,0,0,0,0,1,0,1,96
259,0,1,0,0,0,0,0,0,1,1,1,101
260,0,1,0,0,0,0,0,1,0,0,1,114
261,0,1,0,0,0,0,0,1,0,1,1,113
262,0,1,0,0,0,0,0,1,1,0,1,92
263,0,1,0,0,0,0,0,1,1,1,1,91
264,0,1,0,0,0,0,1,0,0,0,0,103
265,0,1,0,0,0,0,1,0,0,1,1,111
266,0,1,0,0,0,0,1,0,1,0,1,96
267,0,1,0,0,0,0,1,0,1,1,1,86
268,0,1,0,0,0,0,1,1,0,0,1,82
269,0,1,0,0,0,0,1,1,0,1,1,94
270,0,1,0,0,0,0,1,1,1,0,1,107
271,0,1,0,0,0,0,1,1,1,1,1,95
272,0,1,0,0,0,1,0,0,0,0,1,93
273,0,1,0,0,0,1,0,0,0,1,1,91
274,0,1,0,0,0,1,0,0,1,0,1,93
275,0,1,0,0,0,1,0,0,1,1,1,104
276,0,1,0,0,0,1,0,1,0,0,1,86
277,0,1,0,0,0,1,0,1,0,1,1,108
278,0,1,0,0,0,1,0,1,1,0,1,98
279,0,1,0,0,0,1,0,1,1,1,1,99
280,0,1,0,0,0,1,1,0,0,0,1,104
281,0,1,0,0,0,1,1,0,0,1,1,112
282,0,1,0,0,0,1,1,0,1,0,1,103
283,0,1,0,0,0,1,1,0,1,1,1,88
284,0,1,0,0,0,1,1,1,0,0,1,84
285,0,1,0,0,0,1,1,1,0,1,1,113
286,0,1,0,0,0,1,1,1,1,0,1,89
287,0,1,0,0,0,1,1,1,1,1,1,104
288,0,1,0,0,1,0,0,0,0,0,1,88
289,0,1,0,0,1,0,0,0,0,1,1,108
290,0,1,0,0,1,0,0,0,1,0,1,86
291,0,1,0,0,1,0,0,0,1,1,1,110
292,0,1,0,0,1,0,0,1,0,0,1,118
293,0,1,0,0,1,0,0,1,0,1,1,103
294,0,1,0,0,1,0,0,1,1,0,1,86
295,0,1,0,0,1,0,0,1,1,1,1,98
296,0,1,0,0,1,0,1,0,0,0,1,98
297,0,1,0,0,1,0,1,0,0,1,1,98
298,0,1,0,0,1,0,1,0,1,0,1,117
299,0,1,0,0,1,0,1,0,1,1,1,92
300,0,1,0,0,1,0,1,1,0,0,1,95
301,0,1,0,0,1,0,1,1,0,1,1,111
302,0,1,0,0,1,0,1,1,1,0,1,103
303,0,1,0,0,1,0,1,1,1,1,1,99
304,0,1,0,0,1,1,0,0,0,0,1,120
305,0,1,0,0,1,1,0,0,0,1,1,91
306,0,1,0,0,1,1,0,0,1,0,1,104
307,0,1,0,0,1,1,0,0,1,1,1,113
308,0,1,0,0,1,1,0,1,0,0,1,95
309,0,1,0,0,1,1,0,1,0,1,1,109
310,0,1,0,0,1,1,0,1,1,0,1,81
311,0,1,0,0,1,1,0,1,1,1,1,69
312,0,1,0,0,1,1,1,0,0,0,1,102
313,0,1,0,0,1,1,1,0,0,1,1,90
314,0,1,0,0,1,1,1,0,1,0,1,105
315,0,1,0,0,1,1,1,0,1,1,1,83
316,0,1,0,0,1,1,1,1,0,0,1,98
317,0,1,0,0,1,1,1,1,0,1,1,100
318,0,1,0,0,1,1,1,1,1,0,1,83
319,0,1,0,0,1,1,1,1,1,1,1,99
320,0,1,0,1,0,0,0,0,0,0,0,108
321,0,1,0,1,0,0,0,0,0,1,1,97
322,0,1,0,1,0,0,0,0,1,0,1,91
323,0,1,0,1,0,0,0,0,1,1,1,103
324,0,1,0,1,0,0,0,1,0,0,1,107
325,0,1,0,1,0,0,0,1,0,1,1,87
326,0,1,0,1,0,0,0,1,1,0,1,101
327,0,1,0,1,0,0,0,1,1,1,1,98
328,0,1,0,1,0,0,1,0,0,0,0,89
329,0,1,0,1,0,0,1,0,0,1,1,106
330,0,1,0,1,0,0,1,0,1,0,1,102
331,0,1,0,1,0,0,1,0,1,1,1,94
332,0,1,0,1,0,0,1,1,0,0,1,93
333,0,1,0,1,0,0,1,1,0,1,1,98
334,0,1,0,1,0,0,1,1,1,0,1,102
335,0,1,0,1,0,0,1,1,1,1,1,110
336,0,1,0,1,0,1,0,0,0,0,1,97
337,0,1,0,1,0,1,0,0,0,1,1,82
338,0,1,0,1,0,1,0,0,1,0,1,96
339,0,1,0,1,0,1,0,0,1,1,1,103
340,0,1,0,1,0,1,0,1,0,0,1,107
341,0,1,0,1,0,1,0,1,0,1,1,86
342,0,1,0,1,0,1,0,1,1,0,1,96
343,0,1,0,1,0,1,0,1,1,1,1,85
344,0,1,0,1,0,1,1,0,0,0,1,105
345,0,1,0,1,0,1,1,0,0,1,1,88
346,0,1,0,1,0,1,1,0,1,0,1,91
347,0,1,0,1,0,1,1,0,1,1,1,106
348,0,1,0,1,0,1,1,1,0,0,1,111
349,0,1,0,1,0,1,1,1,0,1,1,108
350,0,1,0,1,0,1,1,1,1,0,1,106
351,0,1,0,1,0,1,1,1,1,1,1,104
352,0,1,0,1,1,0,0,0,0,0,1,107
353,0,1,0,1,1,0,0,0,0,1,1,97
354,0,1,0,1,1,0,0,0,1,0,1,84
355,0,1,0,1,1,0,0,0,1,1,1,102
356,0,1,0,1,1,0,0,1,0,0,1,84
357,0,1,0,1,1,0,0,1,0,1,1,105
358,0,1,0,1,1,0,0,1,1,0,1,101
359,0,1,0,1,1,0,0,1,1,1,1,100
360,0,1,0,1,1,0,1,0,0,0,1,88
361,0,1,0,1,1,0,1,0,0,1,1,85
362,0,1,0,1,1,0,1,0,1,0,1,94
363,0,1,0,1,1,0,1,0,1,1,1,102
364,0,1,0,1,1,0,1,1,0,0,1,95
365,0,1,0,1,1,0,1,1,0,1,1,112
366,0,1,0,1,1,0,1,1,1,0,1,86
367,0,1,0,1,1,0,1,1,1,1,1,100
368,0,1,0,1,1,1,0,0,0,0,1,108
369,0,1,0,1,1,1,0,0,0,1,1,98
370,0,1,0,1,1,1,0,0,1,0,1,104
371,0,1,0,1,1,1,0,0,1,1,1,109
372,0,1,0,1,1,1,0,1,0,0,1,101
373,0,1,0,1,1,1,0,1,0,1,1,88
374,0,1,0,1,1,1,0,1,1,0,1,88
375,0,1,0,1,1,1,0,1,1,1,1,106
376,0,1,0,1,1,1,1,0,0,0,1,79
377,0,1,0,1,1,1,1,0,0,1,1,91
378,0,1,0,1,1,1,1,0,1,0,1,100
379,0,1,0,1,1,1,1,0,1,1,1,73
380,0,1,0,1,1,1,1,1,0,0,1,108
381,0,1,0,1,1,1,1,1,0,1,1,97
382,0,1,0,1,1,1,1,1,1,0,1,107
383,0,1,0,1,1,1,1,1,1,1,1,115
384,0,1,1,0,0,0,0,0,0,0,0,107
385,0,1,1,0,0,0,0,0,0,1,1,86
386,0,1,1,0,0,0,0,0,1,0,1,94
387,0,1,1,0,0,0,0,0,1,1,1,102
388,0,1,1,0,0,0,0,1,0,0,1,105
389,0,1,1,0,0,0,0,1,0,1,1,90
390,0,1,1,0,0,0,0,1,1,0,1,80
391,0,1,1,0,0,0,0,1,1,1,1,111
392,0,1,1,0,0,0,1,0,0,0,0,89
393,0,1,1,0,0,0,1,0,0,1,1,105
394,0,1,1,0,0,0,1,0,1,0,1,84
395,0,1,1,0,0,0,1,0,1,1,1,99
396,0,1,1,0,0,0,1,1,0,0,1,95
397,0,1,1,0,0,0,1,1,0,1,1,103
398,0,1,1,0,0,0,1,1,1,0,1,108
399,0,1,1,0,0,0,1,1,1,1,1,100
400,0,1,1,0,0,1,0,0,0,0,1,113
401,0,1,1,0,0,1,0,0,0,1,1,88
402,0,1,1,0,0,1,0,0,1,0,1,101
403,0,1,1,0,0,1,0,0,1,1,1,87
404,0,1,1,0,0,1,0,1,0,0,1,83
405,0,1,1,0,0,1,0,1,0,1,1,103
406,0,1,1,0,0,1,0,1,1,0,1,117
407,0,1,1,0,0,1,0,1,1,1,1,113
408,0,1,1,0,0,1,1,0,0,0,1,99
409,0,1,1,0,0,1,1,0,0,1,1,108
410,0,1,1,0,0,1,1,0,1,0,1,91
411,0,1,1,0,0,1,1,0,1,1,1,100
412,0,1,1,0,0,1,1,1,0,0,1,95
413,0,1,1,0,0,1,1,1,0,1,1,101
414,0,1,1,0,0,1,1,1,1,0,1,112
415,0,1,1,0,0,1,1,1,1,1,1,91
416,0,1,1,0,1,0,0,0,0,0,1,96
417,0,1,1,0,1,0,0,0,0,1,1,94
418,0,1,1,0,1,0,0,0,1,0,1,92
419,0,1,1,0,1,0,0,0,1,1,1,73
420,0,1,1,0,1,0,0,1,0,0,1,97
421,0,1,1,0,1,0,0,1,0,1,1,98
422,0,1,1,0,1,0,0,1,1,0,1,85
423,0,1,1,0,1,0,0,1,1,1,1,85
424,0,1,1,0,1,0,1,0,0,0,1,93
425,0,1,1,0,1,0,1,0,0,1,1,83
426,0,1,1,0,1,0,1,0,1,0,1,98
427,0,1,1,0,1,0,1,0,1,1,1,123
428,0,1,1,0,1,0,1,1,0,0,1,108
429,0,1,1,0,1,0,1,1,0,1,1,93
430,0,1,1,0,1,0,1,1,1,0,1,96
431,0,1,1,0,1,0,1,1,1,1,1,93
432,0,1,1,0,1,1,0,0,0,0,1,105
433,0,1,1,0,1,1,0,0,0,1,1,85
434,0,1,1,0,1,1,0,0,1,0,1,107
435,0,1,1,0,1,1,0,0,1,1,1,103
436,0,1,1,0,1,1,0,1,0,0,1,102
437,0,1,1,0,1,1,0,1,0,1,1,102
438,0,1,1,0,1,1,0,1,1,0,1,90
439,0,1,1,0,1,1,0,1,1,1,1,95
440,0,1,1,0,1,1,1,0,0,0,1,107
441,0,1,1,0,1,1,1,0,0,1,1,77
442,0,1,1,0,1,1,1,0,1,0,1,87
443,0,1,1,0,1,1,1,0,1,1,1,84
444,0,1,1,0,1,1,1,1,0,0,1,80
445,0,1,1,0,1,1,1,1,0,1,1,97
446,0,1,1,0,1,1,1,1,1,0,1,110
447,0,1,1,0,1,1,1,1,1,1,1,102
448,0,1,1,1,0,0,0,0,0,0,0,110
449,0,1,1,1,0,0,0,0,0,1,1,105
450,0,1,1,1,0,0,0,0,1,0,1,86
451,0,1,1,1,0,0,0,0,1,1,1,97
452,0,1,1,1,0,0,0,1,0,0,1,88
453,0,1,1,1,0,0,0,1,0,1,1,83
454,0,1,1,1,0,0,0,1,1,0,1,102
455,0,1,1,1,0,0,0,1,1,1,1,105
456,0,1,1,1,0,0,1,0,0,0,0,95
457,0,1,1,1,0,0,1,0,0,1,1,95
458,0,1,1,1,0,0,1,0,1,0,1,91
459,0,1,1,1,0,0,1,0,1,1,1,105
460,0,1,1,1,0,0,1,1,0,0,1,99
461,0,1,1,1,0,0,1,1,0,1,1,95
462,0,1,1,1,0,0,1,1,1,0,1,92
463,0,1,1,1,0,0,1,1,1,1,1,106
464,0,1,1,1,0,1,0,0,0,0,1,77
465,0,1,1,1,0,1,0,0,0,1,1,104
466,0,1,1,1,0,1,0,0,1,0,1,112
467,0,1,1,1,0,1,0,0,1,1,1,99
468,0,1,1,1,0,1,0,1,0,0,1,109
469,0,1,1,1,0,1,0,1,0,1,1,105
470,0,1,1,1,0,1,0,1,1,0,1,105
471,0,1,1,1,0,1,0,1,1,1,1,77
472,0,1,1,1,0,1,1,0,0,0,1,116
473,0,1,1,1,0,1,1,0,0,1,1,97
474,0,1,1,1,0,1,1,0,1,0,1,110
475,0,1,1,1,0,1,1,0,1,1,1,91
476,0,1,1,1,0,1,1,1,0,0,1,106
477,0,1,1,1,0,1,1,1,0,1,1,102
478,0,1,1,1,0,1,1,1,1,0,1,84
479,0,1,1,1,0,1,1,1,1,1,1,94
480,0,1,1,1,1,0,0,0,0,0,1,114
481,0,1,1,1,1,0,0,0,0,1,1,88
482,0,1,1,1,1,0,0,0,1,0,1,88
483,0,1,1,1,1,0,0,0,1,1,1,86
484,0,1,1,1,1,0,0,1,0,0,1,93
485,0,1,1,1,1,0,0,1,0,1,1,106
486,0,1,1,1,1,0,0,1,1,0,1,84
487,0,1,1,1,1,0,0,1,1,1,1,95
488,0,1,1,1,1,0,1,0,0,0,1,95
489,0,1,1,1,1,0,1,0,0,1,1,104
490,0,1,1,1,1,0,1,0,1,0,1,95
491,0,1,1,1,1,0,1,0,1,1,1,87
492,0,1,1,1,1,0,1,1,0,0,1,92
493,0,1,1,1,1,0,1,1,0,1,1,116
494,0,1,1,1,1,0,1,1,1,0,1,89
495,0,1,1,1,1,0,1,1,1,1,1,99
496,0,1,1,1,1,1,0,0,0,0,1,116
497,0,1,1,1,1,1,0,0,0,1,1,111
498,0,1,1,1,1,1,0,0,1,0,1,107
499,0,1,1,1,1,1,0,0,1,1,1,102
500,0,1,1,1,1,1,0,1,0,0,1,99
501,0,1,1,1,1,1,0,1,0,1,1,103
502,0,1,1,1,1,1,0,1,1,0,1,95
503,0,1,1,1,1,1,0,1,1,1,1,87
504,0,1,1,1,1,1,1,0,0,0,1,103
505,0,1,1,1,1,1,1,0,0,1,1,103
506,0,1,1,1,1,1,1,0,1,0,1,99
507,0,1,1,1,1,1,1,0,1,1,1,105
508,0,1,1,1,1,1,1,1,0,0,1,94
509,0,1,1,1,1,1,1,1,0,1,1,112
510,0,1,1,1,1,1,1,1,1,0,1,80
511,0,1,1,1,1,1,1,1,1,1,1,86
512,1,0,0,0,0,0,0,0,0,0,0,110
513,1,0,0,0,0,0,0,0,0,1,0,107
514,1,0,0,0,0,0,0,0,1,0,1,92
515,1,0,0,0,0,0,0,0,1,1,1,112
516,1,0,0,0,0,0,0,1,0,0,0,96
517,1,0,0,0,0,0,0,1,0,1,1,109
518,1,0,0,0,0,0,0,1,1,0,1,93
519,1,0,0,0,0,0,0,1,1,1,1,94
520,1,0,0,0,0,0,1,0,0,0,0,95
521,1,0,0,0,0,0,1,0,0,1,1,108
522,1,0,0,0,0,0,1,0,1,0,1,103
523,1,0,0,0,0,0,1,0,1,1,1,102
524,1,0,0,0,0,0,1,1,0,0,1,92
525,1,0,0,0,0,0,1,1,0,1,1,93
526,1,0,0,0,0,0,1,1,1,0,1,121
527,1,0,0,0,0,0,1,1,1,1,1,83
528,1,0,0,0,0,1,0,0,0,0,0,91
529,1,0,0,0,0,1,0,0,0,1,1,105
530,1,0,0,0,0,1,0,0,1,0,1,97
531,1,0,0,0,0,1,0,0,1,1,1,103
532,1,0,0,0,0,1,0,1,0,0,0,89
533,1,0,0,0,0,1,0,1,0,1,1,109
534,1,0,0,0,0,1,0,1,1,0,1,88
535,1,0,0,0,0,1,0,1,1,1,1,98
536,1,0,0,0,0,1,1,0,0,0,1,111
537,1,0,0,0,0,1,1,0,0,1,1,100
538,1,0,0,0,0,1,1,0,1,0,1,106
539,1,0,0,0,0,1,1,0,1,1,1,99
540,1,0,0,0,0,1,1,1,0,0,1,83
541,1,0,0,0,0,1,1,1,0,1,1,97
542,1,0,0,0,0,1,1,1,1,0,1,89
543,1,0,0,0,0,1,1,1,1,1,1,118
544,1,0,0,0,1,0,0,0,0,0,1,96
545,1,0,0,0,1,0,0,0,0,1,1,101
546,1,0,0,0,1,0,0,0,1,0,1,119
547,1,0,0,0,1,0,0,0,1,1,1,109
548,1,0,0,0,1,0,0,1,0,0,1,87
549,1,0,0,0,1,0,0,1,0,1,1,105
550,1,0,0,0,1,0,0,1,1,0,1,86
551,1,0,0,0,1,0,0,1,1,1,1,99
552,1,0,0,0,1,0,1,0,0,0,1,85
553,1,0,0,0,1,0,1,0,0,1,1,107
554,1,0,0,0,1,0,1,0,1,0,1,100
555,1,0,0,0,1,0,1,0,1,1,1,109
556,1,0,0,0,1,0,1,1,0,0,1,96
557,1,0,0,0,1,0,1,1,0,1,1,89
558,1,0,0,0,1,0,1,1,1,0,1,115
559,1,0,0,0,1,0,1,1,1,1,1,94
560,1,0,0,0,1,1,0,0,0,0,1,98
561,1,0,0,0,1,1,0,0,0,1,1,97
562,1,0,0,0,1,1,0,0,1,0,1,90
563,1,0,0,0,1,1,0,0,1,1,1,96
564,1,0,0,0,1,1,0,1,0,0,1,88
565,1,0,0,0,1,1,0,1,0,1,1,105
566,1,0,0,0,1,1,0,1,1,0,1,93
567,1,0,0,0,1,1,0,1,1,1,1,89
568,1,0,0,0,1,1,1,0,0,0,1,88
569,1,0,0,0,1,1,1,0,0,1,1,90
570,1,0,0,0,1,1,1,0,1,0,1,102
571,1,0,0,0,1,1,1,0,1,1,1,93
572,1,0,0,0,1,1,1,1,0,0,1,98
573,1,0,0,0,1,1,1,1,0,1,1,102
574,1,0,0,0,1,1,1,1,1,0,1,86
575,1,0,0,0,1,1,1,1,1,1,1,99
576,1,0,0,1,0,0,0,0,0,0,0,104
577,1,0,0,1,0,0,0,0,0,1,0,91
578,1,0,0,1,0,0,0,0,1,0,1,91
579,1,0,0,1,0,0,0,0,1,1,1,98
580,1,0,0,1,0,0,0,1,0,0,0,115
581,1,0,0,1,0,0,0,1,0,1,1,91
582,1,0,0,1,0,0,0,1,1,0,1,82
583,1,0,0,1,0,0,0,1,1,1,1,89
584,1,0,0,1,0,0,1,0,0,0,0,108
585,1,0,0,1,0,0,1,0,0,1,1,98
586,1,0,0,1,0,0,1,0,1,0,1,114
587,1,0,0,1,0,0,1,0,1,1,1,88
588,1,0,0,1,0,0,1,1,0,0,1,80
589,1,0,0,1,0,0,1,1,0,1,1,111
590,1,0,0,1,0,0,1,1,1,0,1,109
591,1,0,0,1,0,0,1,1,1,1,1,82
592,1,0,0,1,0,1,0,0,0,0,0,111
593,1,0,0,1,0,1,0,0,0,1,1,101
594,1,0,0,1,0,1,0,0,1,0,1,102
595,1,0,0,1,0,1,0,0,1,1,1,79
596,1,0,0,1,0,1,0,1,0,0,0,100
597,1,0,0,1,0,1,0,1,0,1,1,102
598,1,0,0,1,0,1,0,1,1,0,1,112
599,1,0,0,1,0,1,0,1,1,1,1,95
600,1,0,0,1,0,1,1,0,0,0,1,91
601,1,0,0,1,0,1,1,0,0,1,1,111
602,1,0,0,1,0,1,1,0,1,0,1,95
603,1,0,0,1,0,1,1,0,1,1,1,97
604,1,0,0,1,0,1,1,1,0,0,1,91
605,1,0,0,1,0,1,1,1,0,1,1,95
606,1,0,0,1,0,1,1,1,1,0,1,104
607,1,0,0,1,0,1,1,1,1,1,1,88
608,1,0,0,1,1,0,0,0,0,0,1,109
609,1,0,0,1,1,0,0,0,0,1,1,88
610,1,0,0,1,1,0,0,0,1,0,1,101
611,1,0,0,1,1,0,0,0,1,1,1,95
612,1,0,0,1,1,0,0,1,0,0,1,66
613,1,0,0,1,1,0,0,1,0,1,1,101
614,1,0,0,1,1,0,0,1,1,0,1,99
615,1,0,0,1,1,0,0,1,1,1,1,85
616,1,0,0,1,1,0,1,0,0,0,1,97
617,1,0,0,1,1,0,1,0,0,1,1,86
618,1,0,0,1,1,0,1,0,1,0,1,94
619,1,0,0,1,1,0,1,0,1,1,1,82
620,1,0,0,1,1,0,1,1,0,0,1,100
621,1,0,0,1,1,0,1,1,0,1,1,103
622,1,0,0,1,1,0,1,1,1,0,1,89
623,1,0,0,1,1,0,1,1,1,1,1,100
624,1,0,0,1,1,1,0,0,0,0,1,101
625,1,0,0,1,1,1,0,0,0,1,1,100
626,1,0,0,1,1,1,0,0,1,0,1,110
627,1,0,0,1,1,1,0,0,1,1,1,85
628,1,0,0,1,1,1,0,1,0,0,1,89
629,1,0,0,1,1,1,0,1,0,1,1,82
630,1,0,0,1,1,1,0,1,1,0,1,106
631,1,0,0,1,1,1,0,1,1,1,1,96
632,1,0,0,1,1,1,1,0,0,0,1,83
633,1,0,0,1,1,1,1,0,0,1,1,87
634,1,0,0,1,1,1,1,0,1,0,1,101
635,1,0,0,1,1,1,1,0,1,1,1,95
636,1,0,0,1,1,1,1,1,0,0,1,110
637,1,0,0,1,1,1,1,1,0,1,1,106
638,1,0,0,1,1,1,1,1,1,0,1,101
639,1,0,0,1,1,1,1,1,1,1,1,86
640,1,0,1,0,0,0,0,0,0,0,0,97
641,1,0,1,0,0,0,0,0,0,1,1,88
642,1,0,1,0,0,0,0,0,1,0,1,90
643,1,0,1,0,0,0,0,0,1,1,1,98
644,1,0,1,0,0,0,0,1,0,0,1,109
645,1,0,1,0,0,0,0,1,0,1,1,95
646,1,0,1,0,0,0,0,1,1,0,1,100
647,1,0,1,0,0,0,0,1,1,1,1,102
648,1,0,1,0,0,0,1,0,0,0,0,88
649,1,0,1,0,0,0,1,0,0,1,1,88
650,1,0,1,0,0,0,1,0,1,0,1,96
651,1,0,1,0,0,0,1,0,1,1,1,91
652,1,0,1,0,0,0,1,1,0,0,1,108
653,1,0,1,0,0,0,1,1,0,1,1,113
654,1,0,1,0,0,0,1,1,1,0,1,103
655,1,0,1,0,0,0,1,1,1,1,1,91
656,1,0,1,0,0,1,0,0,0,0,1,110
657,1,0,1,0,0,1,0,0,0,1,1,97
658,1,0,1,0,0,1,0,0,1,0,1,89
659,1,0,1,0,0,1,0,0,1,1,1,94
660,1,0,1,0,0,1,0,1,0,0,1,113
661,1,0,1,0,0,1,0,1,0,1,1,108
662,1,0,1,0,0,1,0,1,1,0,1,118
663,1,0,1,0,0,1,0,1,1,1,1,96
664,1,0,1,0,0,1,1,0,0,0,1,103
665,1,0,1,0,0,1,1,0,0,1,1,106
666,1,0,1,0,0,1,1,0,1,0,1,97
667,1,0,1,0,0,1,1,0,1,1,1,88
668,1,0,1,0,0,1,1,1,0,0,1,90
669,1,0,1,0,0,1,1,1,0,1,1,97
670,1,0,1,0,0,1,1,1,1,0,1,103
671,1,0,1,0,0,1,1,1,1,1,1,84
672,1,0,1,0,1,0,0,0,0,0,1,103
673,1,0,1,0,1,0,0,0,0,1,1,92
674,1,0,1,0,1,0,0,0,1,0,1,94
675,1,0,1,0,1,0,0,0,1,1,1,93
676,1,0,1,0,1,0,0,1,0,0,1,92
677,1,0,1,0,1,0,0,1,0,1,1,99
678,1,0,1,0,1,0,0,1,1,0,1,101
679,1,0,1,0,1,0,0,1,1,1,1,107
680,1,0,1,0,1,0,1,0,0,0,1,94
681,1,0,1,0,1,0,1,0,0,1,1,99
682,1,0,1,0,1,0,1,0,1,0,1,112
683,1,0,1,0,1,0,1,0,1,1,1,101
684,1,0,1,0,1,0,1,1,0,0,1,92
685,1,0,1,0,1,0,1,1,0,1,1,104
686,1,0,1,0,1,0,1,1,1,0,1,103
687,1,0,1,0,1,0,1,1,1,1,1,89
688,1,0,1,0,1,1,0,0,0,0,1,96
689,1,0,1,0,1,1,0,0,0,1,1,91
690,1,0,1,0,1,1,0,0,1,0,1,92
691,1,0,1,0,1,1,0,0,1,1,1,106
692,1,0,1,0,1,1,0,1,0,0,1,84
693,1,0,1,0,1,1,0,1,0,1,1,87
694,1,0,1,0,1,1,0,1,1,0,1,80
695,1,0,1,0,1,1,0,1,1,1,1,114
696,1,0,1,0,1,1,1,0,0,0,1,112
697,1,0,1,0,1,1,1,0,0,1,1,104
698,1,0,1,0,1,1,1,0,1,0,1,107
699,1,0,1,0,1,1,1,0,1,1,1,104
700,1,0,1,0,1,1,1,1,0,0,1,117
701,1,0,1,0,1,1,1,1,0,1,1,110
702,1,0,1,0,1,1,1,1,1,0,1,95
703,1,0,1,0,1,1,1,1,1,1,1,94
704,1,0,1,1,0,0,0,0,0,0,0,97
705,1,0,1,1,0,0,0,0,0,1,1,105
706,1,0,1,1,0,0,0,0,1,0,1,109
707,1,0,1,1,0,0,0,0,1,1,1,117
708,1,0,1,1,0,0,0,1,0,0,1,85
709,1,0,1,1,0,0,0,1,0,1,1,102
710,1,0,1,1,0,0,0,1,1,0,1,105
711,1,0,1,1,0,0,0,1,1,1,1,93
712,1,0,1,1,0,0,1,0,0,0,0,82
713,1,0,1,1,0,0,1,0,0,1,1,104
714,1,0,1,1,0,0,1,0,1,0,1,110
715,1,0,1,1,0,0,1,0,1,1,1,106
716,1,0,1,1,0,0,1,1,0,0,1,94
717,1,0,1,1,0,0,1,1,0,1,1,83
718,1,0,1,1,0,0,1,1,1,0,1,101
719,1,0,1,1,0,0,1,1,1,1,1,110
720,1,0,1,1,0,1,0,0,0,0,1,108
721,1,0,1,1,0,1,0,0,0,1,1,103
722,1,0,1,1,0,1,0,0,1,0,1,80
723,1,0,1,1,0,1,0,0,1,1,1,108
724,1,0,1,1,0,1,0,1,0,0,1,76
725,1,0,1,1,0,1,0,1,0,1,1,103
726,1,0,1,1,0,1,0,1,1,0,1,98
727,1,0,1,1,0,1,0,1,1,1,1,114
728,1,0,1,1,0,1,1,0,0,0,1,89
729,1,0,1,1,0,1,1,0,0,1,1,110
730,1,0,1,1,0,1,1,0,1,0,1,100
731,1,0,1,1,0,1,1,0,1,1,1,101
732,1,0,1,1,0,1,1,1,0,0,1,86
733,1,0,1,1,0,1,1,1,0,1,1,116
734,1,0,1,1,0,1,1,1,1,0,1,89
735,1,0,1,1,0,1,1,1,1,1,1,95
736,1,0,1,1,1,0,0,0,0,0,1,105
737,1,0,1,1,1,0,0,0,0,1,1,104
738,1,0,1,1,1,0,0,0,1,0,1,99
739,1,0,1,1,1,0,0,0,1,1,1,83
740,1,0,1,1,1,0,0,1,0,0,1,112
741,1,0,1,1,1,0,0,1,0,1,1,93
742,1,0,1,1,1,0,0,1,1,0,1,100
743,1,0,1,1,1,0,0,1,1,1,1,91
744,1,0,1,1,1,0,1,0,0,0,1,88
745,1,0,1,1,1,0,1,0,0,1,1,109
746,1,0,1,1,1,0,1,0,1,0,1,98
747,1,0,1,1,1,0,1,0,1,1,1,104
748,1,0,1,1,1,0,1,1,0,0,1,85
749,1,0,1,1,1,0,1,1,0,1,1,79
750,1,0,1,1,1,0,1,1,1,0,1,84
751,1,0,1,1,1,0,1,1,1,1,1,98
752,1,0,1,1,1,1,0,0,0,0,1,88
753,1,0,1,1,1,1,0,0,0,1,1,79
754,1,0,1,1,1,1,0,0,1,0,1,86
755,1,0,1,1,1,1,0,0,1,1,1,102
756,1,0,1,1,1,1,0,1,0,0,1,105
757,1,0,1,1,1,1,0,1,0,1,1,106
758,1,0,1,1,1,1,0,1,1,0,1,111
759,1,0,1,1,1,1,0,1,1,1,1,93
760,1,0,1,1,1,1,1,0,0,0,1,102
761,1,0,1,1,1,1,1,0,0,1,1,92
762,1,0,1,1,1,1,1,0,1,0,1,87
763,1,0,1,1,1,1,1,0,1,1,1,99
764,1,0,1,1,1,1,1,1,0,0,1,81
765,1,0,1,1,1,1,1,1,0,1,1,107
766,1,0,1,1,1,1,1,1,1,0,1,98
767,1,0,1,1,1,1,1,1,1,1,1,93
768,1,1,0,0,0,0,0,0,0,0,0,102
769,1,1,0,0,0,0,0,0,0,1,1,97
770,1,1,0,0,0,0,0,0,1,0,1,101
771,1,1,0,0,0,0,0,0,1,1,1,94
772,1,1,0,0,0,0,0,1,0,0,1,94
773,1,1,0,0,0,0,0,1,0,1,1,95
774,1,1,0,0,0,0,0,1,1,0,1,98
775,1,1,0,0,0,0,0,1,1,1,1,94
776,1,1,0,0,0,0,1,0,0,0,0,103
777,1,1,0,0,0,0,1,0,0,1,1,108
778,1,1,0,0,0,0,1,0,1,0,1,116
779,1,1,0,0,0,0,1,0,1,1,1,91
780,1,1,0,0,0,0,1,1,0,0,1,88
781,1,1,0,0,0,0,1,1,0,1,1,115
782,1,1,0,0,0,0,1,1,1,0,1,88
783,1,1,0,0,0,0,1,1,1,1,1,109
784,1,1,0,0,0,1,0,0,0,0,1,98
785,1,1,0,0,0,1,0,0,0,1,1,122
786,1,1,0,0,0,1,0,0,1,0,1,90
787,1,1,0,0,0,1,0,0,1,1,1,101
788,1,1,0,0,0,1,0,1,0,0,1,98
789,1,1,0,0,0,1,0,1,0,1,1,88
790,1,1,0,0,0,1,0,1,1,0,1,101
791,1,1,0,0,0,1,0,1,1,1,1,89
792,1,1,0,0,0,1,1,0,0,0,1,107
793,1,1,0,0,0,1,1,0,0,1,1,111
794,1,1,0,0,0,1,1,0,1,0,1,93
795,1,1,0,0,0,1,1,0,1,1,1,89
796,1,1,0,0,0,1,1,1,0,0,1,111
797,1,1,0,0,0,1,1,1,0,1,1,90
798,1,1,0,0,0,1,1,1,1,0,1,100
799,1,1,0,0,0,1,1,1,1,1,1,101
800,1,1,0,0,1,0,0,0,0,0,1,104
801,1,1,0,0,1,0,0,0,0,1,1,97
802,1,1,0,0,1,0,0,0,1,0,1,114
803,1,1,0,0,1,0,0,0,1,1,1,92
804,1,1,0,0,1,0,0,1,0,0,1,96
805,1,1,0,0,1,0,0,1,0,1,1,103
806,1,1,0,0,1,0,0,1,1,0,1,112
807,1,1,0,0,1,0,0,1,1,1,1,104
808,1,1,0,0,1,0,1,0,0,0,1,106
809,1,1,0,0,1,0,1,0,0,1,1,82
810,1,1,0,0,1,0,1,0,1,0,1,89
811,1,1,0,0,1,0,1,0,1,1,1,98
812,1,1,0,0,1,0,1,1,0,0,1,110
813,1,1,0,0,1,0,1,1,0,1,1,119
814,1,1,0,0,1,0,1,1,1,0,1,94
815,1,1,0,0,1,0,1,1,1,1,1,85
816,1,1,0,0,1,1,0,0,0,0,1,110
817,1,1,0,0,1,1,0,0,0,1,1,103
818,1,1,0,0,1,1,0,0,1,0,1,95
819,1,1,0,0,1,1,0,0,1,1,1,96
820,1,1,0,0,1,1,0,1,0,0,1,98
821,1,1,0,0,1,1,0,1,0,1,1,110
822,1,1,0,0,1,1,0,1,1,0,1,85
823,1,1,0,0,1,1,0,1,1,1,1,92
824,1,1,0,0,1,1,1,0,0,0,1,91
825,1,1,0,0,1,1,1,0,0,1,1,100
826,1,1,0,0,1,1,1,0,1,0,1,90
827,1,1,0,0,1,1,1,0,1,1,1,92
828,1,1,0,0,1,1,1,1,0,0,1,91
829,1,1,0,0,1,1,1,1,0,1,1,99
830,1,1,0,0,1,1,1,1,1,0,1,95
831,1,1,0,0,1,1,1,1,1,1,1,91
832,1,1,0,1,0,0,0,0,0,0,0,95
833,1,1,0,1,0,0,0,0,0,1,1,88
834,1,1,0,1,0,0,0,0,1,0,1,93
835,1,1,0,1,0,0,0,0,1,1,1,89
836,1,1,0,1,0,0,0,1,0,0,1,102
837,1,1,0,1,0,0,0,1,0,1,1,91
838,1,1,0,1,0,0,0,1,1,0,1,93
839,1,1,0,1,0,0,0,1,1,1,1,81
840,1,1,0,1,0,0,1,0,0,0,0,88
841,1,1,0,1,0,0,1,0,0,1,1,105
842,1,1,0,1,0,0,1,0,1,0,1,117
843,1,1,0,1,0,0,1,0,1,1,1,105
844,1,1,0,1,0,0,1,1,0,0,1,103
845,1,1,0,1,0,0,1,1,0,1,1,104
846,1,1,0,1,0,0,1,1,1,0,1,83
847,1,1,0,1,0,0,1,1,1,1,1,97
848,1,1,0,1,0,1,0,0,0,0,1,87
849,1,1,0,1,0,1,0,0,0,1,1,100
850,1,1,0,1,0,1,0,0,1,0,1,115
851,1,1,0,1,0,1,0,0,1,1,1,89
852,1,1,0,1,0,1,0,1,0,0,1,93
853,1,1,0,1,0,1,0,1,0,1,1,91
854,1,1,0,1,0,1,0,1,1,0,1,94
855,1,1,0,1,0,1,0,1,1,1,1,104
856,1,1,0,1,0,1,1,0,0,0,1,87
857,1,1,0,1,0,1,1,0,0,1,1,101
858,1,1,0,1,0,1,1,0,1,0,1,102
859,1,1,0,1,0,1,1,0,1,1,1,101
860,1,1,0,1,0,1,1,1,0,0,1,81
861,1,1,0,1,0,1,1,1,0,1,1,81
862,1,1,0,1,0,1,1,1,1,0,1,94
863,1,1,0,1,0,1,1,1,1,1,1,80
864,1,1,0,1,1,0,0,0,0,0,1,102
865,1,1,0,1,1,0,0,0,0,1,1,89
866,1,1,0,1,1,0,0,0,1,0,1,94
867,1,1,0,1,1,0,0,0,1,1,1,100
868,1,1,0,1,1,0,0,1,0,0,1,101
869,1,1,0,1,1,0,0,1,0,1,1,92
870,1,1,0,1,1,0,0,1,1,0,1,101
871,1,1,0,1,1,0,0,1,1,1,1,93
872,1,1,0,1,1,0,1,0,0,0,1,91
873,1,1,0,1,1,0,1,0,0,1,1,118
874,1,1,0,1,1,0,1,0,1,0,1,78
875,1,1,0,1,1,0,1,0,1,1,1,100
876,1,1,0,1,1,0,1,1,0,0,1,111
877,1,1,0,1,1,0,1,1,0,1,1,101
878,1,1,0,1,1,0,1,1,1,0,1,103
879,1,1,0,1,1,0,1,1,1,1,1,100
880,1,1,0,1,1,1,0,0,0,0,1,102
881,1,1,0,1,1,1,0,0,0,1,1,77
882,1,1,0,1,1,1,0,0,1,0,1,85
883,1,1,0,1,1,1,0,0,1,1,1,104
884,1,1,0,1,1,1,0,1,0,0,1,98
885,1,1,0,1,1,1,0,1,0,1,1,92
886,1,1,0,1,1,1,0,1,1,0,1,99
887,1,1,0,1,1,1,0,1,1,1,1,99
888,1,1,0,1,1,1,1,0,0,0,1,96
889,1,1,0,1,1,1,1,0,0,1,1,107
890,1,1,0,1,1,1,1,0,1,0,1,87
891,1,1,0,1,1,1,1,0,1,1,1,76
892,1,1,0,1,1,1,1,1,0,0,1,100
893,1,1,0,1,1,1,1,1,0,1,1,109
894,1,1,0,1,1,1,1,1,1,0,1,99
895,1,1,0,1,1,1,1,1,1,1,1,99
896,1,1,1,0,0,0,0,0,0,0,0,115
897,1,1,1,0,0,0,0,0,0,1,1,106
898,1,1,1,0,0,0,0,0,1,0,1,116
899,1,1,1,0,0,0,0,0,1,1,1,88
900,1,1,1,0,0,0,0,1,0,0,1,109
901,1,1,1,0,0,0,0,1,0,1,1,105
902,1,1,1,0,0,0,0,1,1,0,1,104
903,1,1,1,0,0,0,0,1,1,1,1,115
904,1,1,1,0,0,0,1,0,0,0,0,90
905,1,1,1,0,0,0,1,0,0,1,1,96
906,1,1,1,0,0,0,1,0,1,0,1,109
907,1,1,1,0,0,0,1,0,1,1,1,97
908,1,1,1,0,0,0,1,1,0,0,1,85
909,1,1,1,0,0,0,1,1,0,1,1,93
910,1,1,1,0,0,0,1,1,1,0,1,84
911,1,1,1,0,0,0,1,1,1,1,1,97
912,1,1,1,0,0,1,0,0,0,0,1,88
913,1,1,1,0,0,1,0,0,0,1,1,105
914,1,1,1,0,0,1,0,0,1,0,1,99
915,1,1,1,0,0,1,0,0,1,1,1,105
916,1,1,1,0,0,1,0,1,0,0,1,90
917,1,1,1,0,0,1,0,1,0,1,1,104
918,1,1,1,0,0,1,0,1,1,0,1,100
919,1,1,1,0,0,1,0,1,1,1,1,109
920,1,1,1,0,0,1,1,0,0,0,1,104
921,1,1,1,0,0,1,1,0,0,1,1,106
922,1,1,1,0,0,1,1,0,1,0,1,102
923,1,1,1,0,0,1,1,0,1,1,1,91
924,1,1,1,0,0,1,1,1,0,0,1,80
925,1,1,1,0,0,1,1,1,0,1,1,103
926,1,1,1,0,0,1,1,1,1,0,1,101
927,1,1,1,0,0,1,1,1,1,1,1,96
928,1,1,1,0,1,0,0,0,0,0,1,85
929,1,1,1,0,1,0,0,0,0,1,1,104
930,1,1,1,0,1,0,0,0,1,0,1,87
931,1,1,1,0,1,0,0,0,1,1,1,103
932,1,1,1,0,1,0,0,1,0,0,1,98
933,1,1,1,0,1,0,0,1,0,1,1,96
934,1,1,1,0,1,0,0,1,1,0,1,101
935,1,1,1,0,1,0,0,1,1,1,1,98
936,1,1,1,0,1,0,1,0,0,0,1,100
937,1,1,1,0,1,0,1,0,0,1,1,75
938,1,1,1,0,1,0,1,0,1,0,1,97
939,1,1,1,0,1,0,1,0,1,1,1,91
940,1,1,1,0,1,0,1,1,0,0,1,91
941,1,1,1,0,1,0,1,1,0,1,1,98
942,1,1,1,0,1,0,1,1,1,0,1,87
943,1,1,1,0,1,0,1,1,1,1,1,96
944,1,1,1,0,1,1,0,0,0,0,1,111
945,1,1,1,0,1,1,0,0,0,1,1,90
946,1,1,1,0,1,1,0,0,1,0,1,99
947,1,1,1,0,1,1,0,0,1,1,1,98
948,1,1,1,0,1,1,0,1,0,0,1,96
949,1,1,1,0,1,1,0,1,0,1,1,85
950,1,1,1,0,1,1,0,1,1,0,1,87
951,1,1,1,0,1,1,0,1,1,1,1,106
952,1,1,1,0,1,1,1,0,0,0,1,102
953,1,1,1,0,1,1,1,0,0,1,1,100
954,1,1,1,0,1,1,1,0,1,0,1,101
955,1,1,1,0,1,1,1,0,1,1,1,101
956,1,1,1,0,1,1,1,1,0,0,1,121
957,1,1,1,0,1,1,1,1,0,1,1,105
958,1,1,1,0,1,1,1,1,1,0,1,102
959,1,1,1,0,1,1,1,1,1,1,1,103
960,1,1,1,1,0,0,0,0,0,0,0,101
961,1,1,1,1,0,0,0,0,0,1,1,101
962,1,1,1,1,0,0,0,0,1,0,1,98
963,1,1,1,1,0,0,0,0,1,1,1,102
964,1,1,1,1,0,0,0,1,0,0,1,103
965,1,1,1,1,0,0,0,1,0,1,1,102
966,1,1,1,1,0,0,0,1,1,0,1,96
967,1,1,1,1,0,0,0,1,1,1,1,88
968,1,1,1,1,0,0,1,0,0,0,0,95
969,1,1,1,1,0,0,1,0,0,1,1,110
970,1,1,1,1,0,0,1,0,1,0,1,96
971,1,1,1,1,0,0,1,0,1,1,1,109
972,1,1,1,1,0,0,1,1,0,0,1,89
973,1,1,1,1,0,0,1,1,0,1,1,85
974,1,1,1,1,0,0,1,1,1,0,1,104
975,1,1,1,1,0,0,1,1,1,1,1,100
976,1,1,1,1,0,1,0,0,0,0,1,107
977,1,1,1,1,0,1,0,0,0,1,1,92
978,1,1,1,1,0,1,0,0,1,0,1,103
979,1,1,1,1,0,1,0,0,1,1,1,96
980,1,1,1,1,0,1,0,1,0,0,1,90
981,1,1,1,1,0,1,0,1,0,1,1,125
982,1,1,1,1,0,1,0,1,1,0,1,109
983,1,1,1,1,0,1,0,1,1,1,1,100
984,1,1,1,1,0,1,1,0,0,0,1,108
985,1,1,1,1,0,1,1,0,0,1,1,86
986,1,1,1,1,0,1,1,0,1,0,1,79
987,1,1,1,1,0,1,1,0,1,1,1,112
988,1,1,1,1,0,1,1,1,0,0,1,117
989,1,1,1,1,0,1,1,1,0,1,1,105
990,1,1,1,1,0,1,1,1,1,0,1,76
991,1,1,1,1,0,1,1,1,1,1,1,77
992,1,1,1,1,1,0,0,0,0,0,1,79
993,1,1,1,1,1,0,0,0,0,1,1,81
994,1,1,1,1,1,0,0,0,1,0,1,93
995,1,1,1,1,1,0,0,0,1,1,1,89
996,1,1,1,1,1,0,0,1,0,0,1,111
997,1,1,1,1,1,0,0,1,0,1,1,95
998,1,1,1,1,1,0,0,1,1,0,1,103
999,1,1,1,1,1,0,0,1,1,1,1,101
1000,1,1,1,1,1,0,1,0,0,0,1,79
1001,1,1,1,1,1,0,1,0,0,1,1,83
1002,1,1,1,1,1,0,1,0,1,0,1,93
1003,1,1,1,1,1,0,1,0,1,1,1,99
1004,1,1,1,1,1,0,1,1,0,0,1,118
1005,1,1,1,1,1,0,1,1,0,1,1,100
1006,1,1,1,1,1,0,1,1,1,0,1,91
1007,1,1,1,1,1,0,1,1,1,1,1,99
1008,1,1,1,1,1,1,0,0,0,0,1,91
1009,1,1,1,1,1,1,0,0,0,1,1,90
1010,1,1,1,1,1,1,0,0,1,0,1,107
1011,1,1,1,1,1,1,0,0,1,1,1,100
1012,1,1,1,1,1,1,0,1,0,0,1,86
1013,1,1,1,1,1,1,0,1,0,1,1,93
1014,1,1,1,1,1,1,0,1,1,0,1,95
1015,1,1,1,1,1,1,0,1,1,1,1,82
1016,1,1,1,1,1,1,1,0,0,0,1,83
1017,1,1,1,1,1,1,1,0,0,1,1,92
1018,1,1,1,1,1,1,1,0,1,0,1,102
1019,1,1,1,1,1,1,1,0,1,1,1,95
1020,1,1,1,1,1,1,1,1,0,0,1,78
1021,1,1,1,1,1,1,1,1,0,1,1,95
1022,1,1,1,1,1,1,1,1,1,0,1,98
1023,1,1,1,1,1,1,1,1,1,1,1,107
